trial,operator,shape,kernel,avg_ms,min_ms,med_ms,tflops,speedup_vs_naive
1,MatMul,1x768x768,Naive(V1),0.01759882,0.01739467,0.01759867,0.06703,1.00000
1,MatMul,1x768x768,Tiled16(V2),0.03957264,0.03896000,0.03942800,0.02981,1.00000
1,MatMul,1x768x768,Tiled32(V2),0.09580779,0.09398400,0.09550400,0.01231,1.00000
1,MatMul,1x768x768,RegBlock(V3),0.08617322,0.07895467,0.08740801,0.01369,1.00000
1,MatMul,1x768x768,Unrolled32(V4),0.08534785,0.08481600,0.08535200,0.01382,1.00000
1,MatMul,1x768x768,Shape,0.00719140,0.00708800,0.00719644,0.16404,1.00000
1,MatMul,1x768x768,Dispatcher,0.00761440,0.00742720,0.00752160,0.15492,1.00000
1,MatMul,1x768x768,cuBLAS,0.00472660,0.00460000,0.00471100,0.24958,1.00000
2,MatMul,1x768x768,Tiled16(V2),0.03537719,0.03462400,0.03498743,0.03334,1.00000
2,MatMul,1x768x768,Tiled32(V2),0.08515567,0.08478400,0.08521200,0.01385,1.00000
2,MatMul,1x768x768,RegBlock(V3),0.07858816,0.07813600,0.07858400,0.01501,1.00000
2,MatMul,1x768x768,Unrolled32(V4),0.08512800,0.08457600,0.08506800,0.01386,1.00000
2,MatMul,1x768x768,Shape,0.00729498,0.00710720,0.00713600,0.16171,1.00000
2,MatMul,1x768x768,Dispatcher,0.00705377,0.00700463,0.00703495,0.16724,1.00000
2,MatMul,1x768x768,cuBLAS,0.00463520,0.00459840,0.00463440,0.25450,1.00000
2,MatMul,1x768x768,Naive(V1),0.01626265,0.01607877,0.01624492,0.07254,1.00000
3,MatMul,1x768x768,Tiled32(V2),0.08530896,0.08472800,0.08526400,0.01383,1.00000
3,MatMul,1x768x768,RegBlock(V3),0.07870511,0.07808000,0.07867600,0.01499,1.00000
3,MatMul,1x768x768,Unrolled32(V4),0.08509439,0.08447200,0.08509200,0.01386,1.00000
3,MatMul,1x768x768,Shape,0.00698482,0.00692042,0.00697095,0.16889,1.00000
3,MatMul,1x768x768,Dispatcher,0.00705776,0.00688480,0.00692960,0.16714,1.00000
3,MatMul,1x768x768,cuBLAS,0.00470855,0.00463832,0.00470400,0.25053,1.00000
3,MatMul,1x768x768,Naive(V1),0.01674733,0.01639314,0.01674514,0.07044,1.00000
3,MatMul,1x768x768,Tiled16(V2),0.03476288,0.03439600,0.03451400,0.03393,1.00000
4,MatMul,1x768x768,RegBlock(V3),0.07875486,0.07816800,0.07852000,0.01498,1.00000
4,MatMul,1x768x768,Unrolled32(V4),0.08505967,0.08444000,0.08513600,0.01387,1.00000
4,MatMul,1x768x768,Shape,0.00698609,0.00693790,0.00698438,0.16886,1.00000
4,MatMul,1x768x768,Dispatcher,0.00695040,0.00688320,0.00692800,0.16972,1.00000
4,MatMul,1x768x768,cuBLAS,0.00471912,0.00467200,0.00470568,0.24997,1.00000
4,MatMul,1x768x768,Naive(V1),0.01615669,0.01597600,0.01613067,0.07301,1.00000
4,MatMul,1x768x768,Tiled16(V2),0.03461640,0.03417600,0.03460400,0.03408,1.00000
4,MatMul,1x768x768,Tiled32(V2),0.08502784,0.08444800,0.08504400,0.01387,1.00000
5,MatMul,1x768x768,Unrolled32(V4),0.08532496,0.08412000,0.08521600,0.01383,1.00000
5,MatMul,1x768x768,Shape,0.00829427,0.00784000,0.00828160,0.14222,1.00000
5,MatMul,1x768x768,Dispatcher,0.00797877,0.00771200,0.00802133,0.14785,1.00000
5,MatMul,1x768x768,cuBLAS,0.00474062,0.00471289,0.00473600,0.24884,1.00000
5,MatMul,1x768x768,Naive(V1),0.01610157,0.01596800,0.01609723,0.07326,1.00000
5,MatMul,1x768x768,Tiled16(V2),0.03481966,0.03452343,0.03484571,0.03388,1.00000
5,MatMul,1x768x768,Tiled32(V2),0.08494639,0.08449600,0.08490000,0.01389,1.00000
5,MatMul,1x768x768,RegBlock(V3),0.07841665,0.07752000,0.07842000,0.01504,1.00000
1,MatMul,16x768x768,Naive(V1),0.03963530,0.03921067,0.03958133,0.47620,1.00000
1,MatMul,16x768x768,Tiled16(V2),0.03754389,0.03685333,0.03757333,0.50273,1.00000
1,MatMul,16x768x768,Tiled32(V2),0.08835051,0.08620799,0.08712000,0.21363,1.00000
1,MatMul,16x768x768,RegBlock(V3),0.11703778,0.11398400,0.11639200,0.16127,1.00000
1,MatMul,16x768x768,Unrolled32(V4),0.08572896,0.08532800,0.08572400,0.22016,1.00000
1,MatMul,16x768x768,Shape,0.04221993,0.04192533,0.04220533,0.44705,1.00000
1,MatMul,16x768x768,Dispatcher,0.03479269,0.03469257,0.03474286,0.54248,1.00000
1,MatMul,16x768x768,cuBLAS,0.01132055,0.01120686,0.01131657,1.66727,1.00000
2,MatMul,16x768x768,Tiled16(V2),0.03592736,0.03565600,0.03589200,0.52535,1.00000
2,MatMul,16x768x768,Tiled32(V2),0.08869633,0.08633599,0.08883733,0.21280,1.00000
2,MatMul,16x768x768,RegBlock(V3),0.11427626,0.11371734,0.11428800,0.16516,1.00000
2,MatMul,16x768x768,Unrolled32(V4),0.08574464,0.08528000,0.08569200,0.22012,1.00000
2,MatMul,16x768x768,Shape,0.04198299,0.04173257,0.04199543,0.44957,1.00000
2,MatMul,16x768x768,Dispatcher,0.03601456,0.03563200,0.03604800,0.52408,1.00000
2,MatMul,16x768x768,cuBLAS,0.01132037,0.01118629,0.01133257,1.66729,1.00000
2,MatMul,16x768x768,Naive(V1),0.03961910,0.03897143,0.03939657,0.47640,1.00000
3,MatMul,16x768x768,Tiled32(V2),0.08660240,0.08528800,0.08575600,0.21794,1.00000
3,MatMul,16x768x768,RegBlock(V3),0.11411114,0.11345067,0.11398400,0.16540,1.00000
3,MatMul,16x768x768,Unrolled32(V4),0.08558896,0.08533600,0.08556000,0.22052,1.00000
3,MatMul,16x768x768,Shape,0.04193307,0.04171428,0.04191314,0.45011,1.00000
3,MatMul,16x768x768,Dispatcher,0.03479808,0.03458743,0.03478172,0.54240,1.00000
3,MatMul,16x768x768,cuBLAS,0.01126450,0.01101486,0.01125943,1.67556,1.00000
3,MatMul,16x768x768,Naive(V1),0.03922587,0.03884343,0.03924343,0.48117,1.00000
3,MatMul,16x768x768,Tiled16(V2),0.03531608,0.03448800,0.03575200,0.53444,1.00000
4,MatMul,16x768x768,RegBlock(V3),0.11409301,0.11335466,0.11413866,0.16543,1.00000
4,MatMul,16x768x768,Unrolled32(V4),0.08559024,0.08528000,0.08560800,0.22052,1.00000
4,MatMul,16x768x768,Shape,0.04201207,0.04175086,0.04199086,0.44926,1.00000
4,MatMul,16x768x768,Dispatcher,0.03486464,0.03442286,0.03486400,0.54136,1.00000
4,MatMul,16x768x768,cuBLAS,0.01132498,0.01120000,0.01133600,1.66661,1.00000
4,MatMul,16x768x768,Naive(V1),0.03962323,0.03901714,0.03936686,0.47635,1.00000
4,MatMul,16x768x768,Tiled16(V2),0.03472191,0.03448400,0.03462200,0.54359,1.00000
4,MatMul,16x768x768,Tiled32(V2),0.08576720,0.08529600,0.08562000,0.22007,1.00000
5,MatMul,16x768x768,Unrolled32(V4),0.08601663,0.08519200,0.08566800,0.21943,1.00000
5,MatMul,16x768x768,Shape,0.04377298,0.04173714,0.04250057,0.43119,1.00000
5,MatMul,16x768x768,Dispatcher,0.03788017,0.03557600,0.03598000,0.49827,1.00000
5,MatMul,16x768x768,cuBLAS,0.01278603,0.01186133,0.01206933,1.47617,1.00000
5,MatMul,16x768x768,Naive(V1),0.04275367,0.03924480,0.04050560,0.44147,1.00000
5,MatMul,16x768x768,Tiled16(V2),0.03568864,0.03486400,0.03510133,0.52886,1.00000
5,MatMul,16x768x768,Tiled32(V2),0.08702485,0.08589867,0.08650133,0.21688,1.00000
5,MatMul,16x768x768,RegBlock(V3),0.11759553,0.11486400,0.11622401,0.16050,1.00000
1,MatMul,128x768x768,Naive(V1),0.20685665,0.20419200,0.20560800,0.72995,1.00000
1,MatMul,128x768x768,Tiled16(V2),0.21500960,0.20832001,0.21712801,0.70227,1.00000
1,MatMul,128x768x768,Tiled32(V2),0.21774659,0.21292800,0.21535200,0.69344,1.00000
1,MatMul,128x768x768,RegBlock(V3),0.13535021,0.13394134,0.13493867,1.11559,1.00000
1,MatMul,128x768x768,Unrolled32(V4),0.21262947,0.21160001,0.21217600,0.71013,1.00000
1,MatMul,128x768x768,Shape,0.13441151,0.13383467,0.13442133,1.12338,1.00000
1,MatMul,128x768x768,Dispatcher,0.13566315,0.13390933,0.13521066,1.11301,1.00000
1,MatMul,128x768x768,cuBLAS,0.04319914,0.04220800,0.04256000,3.49532,1.00000
2,MatMul,128x768x768,Tiled16(V2),0.21378846,0.20806400,0.21620800,0.70628,1.00000
2,MatMul,128x768x768,Tiled32(V2),0.21632671,0.21465600,0.21541600,0.69799,1.00000
2,MatMul,128x768x768,RegBlock(V3),0.13491541,0.13374934,0.13486934,1.11918,1.00000
2,MatMul,128x768x768,Unrolled32(V4),0.21275009,0.21147200,0.21240000,0.70973,1.00000
2,MatMul,128x768x768,Shape,0.13507158,0.13401599,0.13514666,1.11789,1.00000
2,MatMul,128x768x768,Dispatcher,0.13743456,0.13579200,0.13733600,1.09867,1.00000
2,MatMul,128x768x768,cuBLAS,0.04418419,0.04277760,0.04325760,3.41740,1.00000
2,MatMul,128x768x768,Naive(V1),0.20889664,0.20337600,0.20478401,0.72282,1.00000
3,MatMul,128x768x768,Tiled32(V2),0.23483710,0.23334400,0.23388000,0.64298,1.00000
3,MatMul,128x768x768,RegBlock(V3),0.14295040,0.13966399,0.14140001,1.05628,1.00000
3,MatMul,128x768x768,Unrolled32(V4),0.21525855,0.21142399,0.21311200,0.70146,1.00000
3,MatMul,128x768x768,Shape,0.13476376,0.13367467,0.13436800,1.12044,1.00000
3,MatMul,128x768x768,Dispatcher,0.13462591,0.13357867,0.13457066,1.12159,1.00000
3,MatMul,128x768x768,cuBLAS,0.04396752,0.04266400,0.04336000,3.43424,1.00000
3,MatMul,128x768x768,Naive(V1),0.21551393,0.21166401,0.21312800,0.70063,1.00000
3,MatMul,128x768x768,Tiled16(V2),0.24369504,0.24268800,0.24309599,0.61961,1.00000
4,MatMul,128x768x768,RegBlock(V3),0.15424639,0.15158400,0.15395999,0.97892,1.00000
4,MatMul,128x768x768,Unrolled32(V4),0.22669441,0.21910401,0.22946399,0.66607,1.00000
4,MatMul,128x768x768,Shape,0.13677503,0.13506134,0.13585600,1.10397,1.00000
4,MatMul,128x768x768,Dispatcher,0.13723902,0.13568000,0.13679999,1.10023,1.00000
4,MatMul,128x768x768,cuBLAS,0.04374848,0.04324480,0.04372160,3.45143,1.00000
4,MatMul,128x768x768,Naive(V1),0.22017089,0.21491200,0.21635199,0.68581,1.00000
4,MatMul,128x768x768,Tiled16(V2),0.24054207,0.23891200,0.23999199,0.62773,1.00000
4,MatMul,128x768x768,Tiled32(V2),0.23139234,0.22080000,0.23243999,0.65255,1.00000
5,MatMul,128x768x768,Unrolled32(V4),0.21687971,0.21449600,0.21556000,0.69622,1.00000
5,MatMul,128x768x768,Shape,0.13454722,0.13367467,0.13451733,1.12224,1.00000
5,MatMul,128x768x768,Dispatcher,0.13501528,0.13352533,0.13473067,1.11835,1.00000
5,MatMul,128x768x768,cuBLAS,0.04325259,0.04229334,0.04294133,3.49100,1.00000
5,MatMul,128x768x768,Naive(V1),0.22057635,0.20409600,0.22042400,0.68455,1.00000
5,MatMul,128x768x768,Tiled16(V2),0.23119774,0.22804800,0.22933599,0.65310,1.00000
5,MatMul,128x768x768,Tiled32(V2),0.22511235,0.22236800,0.22371200,0.67075,1.00000
5,MatMul,128x768x768,RegBlock(V3),0.13543127,0.13353600,0.13543466,1.11492,1.00000
1,MatMul,128x768x3072,Naive(V1),0.82878578,0.74486399,0.83180797,0.72875,1.00000
1,MatMul,128x768x3072,Tiled16(V2),0.90458739,0.86329597,0.88515198,0.66769,1.00000
1,MatMul,128x768x3072,Tiled32(V2),0.86544180,0.84096003,0.86110401,0.69789,1.00000
1,MatMul,128x768x3072,RegBlock(V3),0.32635903,0.31775999,0.32271999,1.85066,1.00000
1,MatMul,128x768x3072,Unrolled32(V4),0.89613700,0.86400002,0.89531195,0.67398,1.00000
1,MatMul,128x768x3072,Shape,0.26768127,0.25972801,0.26066399,2.25634,1.00000
1,MatMul,128x768x3072,Dispatcher,0.28919965,0.28361601,0.28918400,2.08845,1.00000
1,MatMul,128x768x3072,cuBLAS,0.12098113,0.11818666,0.12252800,4.99235,1.00000
2,MatMul,128x768x3072,Tiled16(V2),0.86961931,0.83123201,0.85932797,0.69453,1.00000
2,MatMul,128x768x3072,Tiled32(V2),0.84780049,0.83503997,0.84799999,0.71241,1.00000
2,MatMul,128x768x3072,RegBlock(V3),0.31769982,0.31347200,0.31784001,1.90110,1.00000
2,MatMul,128x768x3072,Unrolled32(V4),0.88522822,0.83487999,0.91123199,0.68229,1.00000
2,MatMul,128x768x3072,Shape,0.26039362,0.25595200,0.25883198,2.31949,1.00000
2,MatMul,128x768x3072,Dispatcher,0.27555749,0.27444801,0.27557600,2.19185,1.00000
2,MatMul,128x768x3072,cuBLAS,0.11786134,0.11517867,0.11862934,5.12449,1.00000
2,MatMul,128x768x3072,Naive(V1),0.87716556,0.82720000,0.88507199,0.68856,1.00000
3,MatMul,128x768x3072,Tiled32(V2),0.88504565,0.83679998,0.88140798,0.68243,1.00000
3,MatMul,128x768x3072,RegBlock(V3),0.31798017,0.31449601,0.31816000,1.89943,1.00000
3,MatMul,128x768x3072,Unrolled32(V4),0.87899458,0.84102398,0.86340797,0.68713,1.00000
3,MatMul,128x768x3072,Shape,0.26011428,0.25873601,0.26016802,2.32198,1.00000
3,MatMul,128x768x3072,Dispatcher,0.27393115,0.27118400,0.27249599,2.20486,1.00000
3,MatMul,128x768x3072,cuBLAS,0.11855424,0.11639467,0.11882133,5.09454,1.00000
3,MatMul,128x768x3072,Naive(V1),0.92615581,0.89449602,0.93292797,0.65214,1.00000
3,MatMul,128x768x3072,Tiled16(V2),0.88689089,0.82950401,0.89731199,0.68101,1.00000
4,MatMul,128x768x3072,RegBlock(V3),0.33966526,0.33030400,0.33736002,1.77816,1.00000
4,MatMul,128x768x3072,Unrolled32(V4),0.89468229,0.84380800,0.89780796,0.67508,1.00000
4,MatMul,128x768x3072,Shape,0.26371264,0.25876799,0.25998402,2.29030,1.00000
4,MatMul,128x768x3072,Dispatcher,0.28002366,0.27596799,0.27751201,2.15689,1.00000
4,MatMul,128x768x3072,cuBLAS,0.13256258,0.11824000,0.13295999,4.55619,1.00000
4,MatMul,128x768x3072,Naive(V1),0.87929213,0.87036800,0.87680000,0.68689,1.00000
4,MatMul,128x768x3072,Tiled16(V2),0.86211848,0.82940799,0.85487998,0.70058,1.00000
4,MatMul,128x768x3072,Tiled32(V2),0.85315096,0.83811200,0.85457599,0.70794,1.00000
5,MatMul,128x768x3072,Unrolled32(V4),0.83640260,0.83433598,0.83648002,0.72212,1.00000
5,MatMul,128x768x3072,Shape,0.25944445,0.25560001,0.25762400,2.32797,1.00000
5,MatMul,128x768x3072,Dispatcher,0.27350724,0.26926401,0.27545601,2.20828,1.00000
5,MatMul,128x768x3072,cuBLAS,0.11654338,0.11467733,0.11643734,5.18245,1.00000
5,MatMul,128x768x3072,Naive(V1),0.90845764,0.89308798,0.90795195,0.66484,1.00000
5,MatMul,128x768x3072,Tiled16(V2),0.85591036,0.83091199,0.85391998,0.70566,1.00000
5,MatMul,128x768x3072,Tiled32(V2),0.84748214,0.83561599,0.84627199,0.71268,1.00000
5,MatMul,128x768x3072,RegBlock(V3),0.31820729,0.31456000,0.31832001,1.89807,1.00000
1,MatMul,128x3072x768,Naive(V1),0.83604485,0.78873599,0.83956802,0.72243,1.00000
1,MatMul,128x3072x768,Tiled16(V2),0.89902848,0.87392002,0.89126396,0.67181,1.00000
1,MatMul,128x3072x768,Tiled32(V2),0.85720694,0.84464002,0.85630399,0.70459,1.00000
1,MatMul,128x3072x768,RegBlock(V3),0.53135103,0.52540803,0.53108799,1.13669,1.00000
1,MatMul,128x3072x768,Unrolled32(V4),0.87126470,0.86156797,0.86659199,0.69322,1.00000
1,MatMul,128x3072x768,Shape,0.53269392,0.52633601,0.52883202,1.13382,1.00000
1,MatMul,128x3072x768,Dispatcher,0.53321218,0.52563202,0.53255999,1.13272,1.00000
1,MatMul,128x3072x768,cuBLAS,0.10085097,0.09929600,0.10081600,5.98883,1.00000
2,MatMul,128x3072x768,Tiled16(V2),0.99460411,0.92531198,0.98924798,0.60726,1.00000
2,MatMul,128x3072x768,Tiled32(V2),0.85891968,0.83494401,0.85492802,0.70319,1.00000
2,MatMul,128x3072x768,RegBlock(V3),0.53193605,0.52563202,0.53188801,1.13544,1.00000
2,MatMul,128x3072x768,Unrolled32(V4),0.84799623,0.83267200,0.85291195,0.71224,1.00000
2,MatMul,128x3072x768,Shape,0.54262644,0.53868800,0.54132795,1.11307,1.00000
2,MatMul,128x3072x768,Dispatcher,0.53885508,0.52627200,0.53625596,1.12086,1.00000
2,MatMul,128x3072x768,cuBLAS,0.10313281,0.10128000,0.10296533,5.85633,1.00000
2,MatMul,128x3072x768,Naive(V1),0.99613947,0.95625597,0.98966402,0.60632,1.00000
3,MatMul,128x3072x768,Tiled32(V2),0.90394747,0.83516800,0.89868802,0.66816,1.00000
3,MatMul,128x3072x768,RegBlock(V3),0.53333831,0.52726400,0.53359997,1.13245,1.00000
3,MatMul,128x3072x768,Unrolled32(V4),0.83571088,0.83292800,0.83492798,0.72271,1.00000
3,MatMul,128x3072x768,Shape,0.52873594,0.52627200,0.52839994,1.14231,1.00000
3,MatMul,128x3072x768,Dispatcher,0.53236794,0.52681601,0.53191996,1.13452,1.00000
3,MatMul,128x3072x768,cuBLAS,0.09932119,0.09848533,0.09906134,6.08108,1.00000
3,MatMul,128x3072x768,Naive(V1),0.92169350,0.88208002,0.92711997,0.65529,1.00000
3,MatMul,128x3072x768,Tiled16(V2),0.87924659,0.85747200,0.86883199,0.68693,1.00000
4,MatMul,128x3072x768,RegBlock(V3),0.54584455,0.53958398,0.54500800,1.10651,1.00000
4,MatMul,128x3072x768,Unrolled32(V4),0.83853692,0.83296001,0.83480000,0.72028,1.00000
4,MatMul,128x3072x768,Shape,0.52877498,0.52636802,0.52894402,1.14222,1.00000
4,MatMul,128x3072x768,Dispatcher,0.53229439,0.52521598,0.53246403,1.13467,1.00000
4,MatMul,128x3072x768,cuBLAS,0.10040469,0.09913600,0.10027200,6.01545,1.00000
4,MatMul,128x3072x768,Naive(V1),0.93954366,0.91535997,0.93822402,0.64284,1.00000
4,MatMul,128x3072x768,Tiled16(V2),0.90147853,0.87344003,0.89732802,0.66999,1.00000
4,MatMul,128x3072x768,Tiled32(V2),0.85451972,0.84329599,0.85923195,0.70681,1.00000
5,MatMul,128x3072x768,Unrolled32(V4),0.83816773,0.83660799,0.83827198,0.72060,1.00000
5,MatMul,128x3072x768,Shape,0.53010821,0.52764797,0.53003204,1.13935,1.00000
5,MatMul,128x3072x768,Dispatcher,0.54093057,0.52764797,0.53548801,1.11656,1.00000
5,MatMul,128x3072x768,cuBLAS,0.10348031,0.10240000,0.10369066,5.83666,1.00000
5,MatMul,128x3072x768,Naive(V1),1.02296948,0.97801602,1.03505599,0.59042,1.00000
5,MatMul,128x3072x768,Tiled16(V2),0.90929794,0.87785602,0.90316802,0.66423,1.00000
5,MatMul,128x3072x768,Tiled32(V2),0.84702021,0.83267200,0.85347199,0.71306,1.00000
5,MatMul,128x3072x768,RegBlock(V3),0.53076154,0.52454400,0.53087997,1.13795,1.00000
1,MatMul,128x64x128,Naive(V1),0.00452105,0.00440291,0.00451855,0.46386,1.00000
1,MatMul,128x64x128,Tiled16(V2),0.00463533,0.00460400,0.00463067,0.45243,1.00000
1,MatMul,128x64x128,Tiled32(V2),0.00458894,0.00446191,0.00456696,0.45700,1.00000
1,MatMul,128x64x128,RegBlock(V3),0.01020035,0.01003556,0.01009689,0.20560,1.00000
1,MatMul,128x64x128,Unrolled32(V4),0.00595867,0.00498286,0.00528000,0.35195,1.00000
1,MatMul,128x64x128,Shape,0.00923961,0.00910044,0.00914044,0.22697,1.00000
1,MatMul,128x64x128,Dispatcher,0.00471031,0.00467048,0.00471010,0.44523,1.00000
1,MatMul,128x64x128,cuBLAS,0.00697820,0.00680000,0.00695400,0.30053,1.00000
2,MatMul,128x64x128,Tiled16(V2),0.00556443,0.00537600,0.00551771,0.37688,1.00000
2,MatMul,128x64x128,Tiled32(V2),0.00501925,0.00464152,0.00471238,0.41782,1.00000
2,MatMul,128x64x128,RegBlock(V3),0.01018342,0.01000471,0.01017035,0.20594,1.00000
2,MatMul,128x64x128,Unrolled32(V4),0.00536869,0.00506971,0.00540343,0.39063,1.00000
2,MatMul,128x64x128,Shape,0.00924856,0.00921035,0.00924047,0.22675,1.00000
2,MatMul,128x64x128,Dispatcher,0.00469729,0.00463722,0.00469148,0.44646,1.00000
2,MatMul,128x64x128,cuBLAS,0.00870000,0.00803200,0.00855600,0.24105,1.00000
2,MatMul,128x64x128,Naive(V1),0.00459401,0.00450036,0.00461527,0.45650,1.00000
3,MatMul,128x64x128,Tiled32(V2),0.00463456,0.00456291,0.00462400,0.45250,1.00000
3,MatMul,128x64x128,RegBlock(V3),0.01018044,0.01004800,0.01018823,0.20600,1.00000
3,MatMul,128x64x128,Unrolled32(V4),0.00648800,0.00497067,0.00562933,0.32324,1.00000
3,MatMul,128x64x128,Shape,0.00926250,0.00910933,0.00921600,0.22641,1.00000
3,MatMul,128x64x128,Dispatcher,0.00508937,0.00467636,0.00471636,0.41207,1.00000
3,MatMul,128x64x128,cuBLAS,0.00698044,0.00675200,0.00697813,0.30043,1.00000
3,MatMul,128x64x128,Naive(V1),0.00477637,0.00467692,0.00476800,0.43907,1.00000
3,MatMul,128x64x128,Tiled16(V2),0.00498909,0.00467782,0.00471927,0.42035,1.00000
4,MatMul,128x64x128,RegBlock(V3),0.01010788,0.01001200,0.01007600,0.20748,1.00000
4,MatMul,128x64x128,Unrolled32(V4),0.00489053,0.00459491,0.00462836,0.42882,1.00000
4,MatMul,128x64x128,Shape,0.00927022,0.00907911,0.00920533,0.22622,1.00000
4,MatMul,128x64x128,Dispatcher,0.00682670,0.00527086,0.00554971,0.30720,1.00000
4,MatMul,128x64x128,cuBLAS,0.01852896,0.01286400,0.01820000,0.11318,1.00000
4,MatMul,128x64x128,Naive(V1),0.00688504,0.00505200,0.00532600,0.30460,1.00000
4,MatMul,128x64x128,Tiled16(V2),0.00744832,0.00544457,0.00559314,0.28156,1.00000
4,MatMul,128x64x128,Tiled32(V2),0.00795529,0.00513371,0.00554514,0.26362,1.00000
5,MatMul,128x64x128,Unrolled32(V4),0.00720521,0.00511543,0.00579886,0.29106,1.00000
5,MatMul,128x64x128,Shape,0.00998382,0.00979200,0.00986514,0.21006,1.00000
5,MatMul,128x64x128,Dispatcher,0.00652008,0.00508800,0.00544200,0.32165,1.00000
5,MatMul,128x64x128,cuBLAS,0.00785152,0.00767467,0.00787467,0.26710,1.00000
5,MatMul,128x64x128,Naive(V1),0.00599241,0.00506514,0.00535314,0.34997,1.00000
5,MatMul,128x64x128,Tiled16(V2),0.00475169,0.00470095,0.00474819,0.44135,1.00000
5,MatMul,128x64x128,Tiled32(V2),0.00479226,0.00461410,0.00465219,0.43761,1.00000
5,MatMul,128x64x128,RegBlock(V3),0.01012700,0.01005867,0.01009333,0.20709,1.00000
1,LayerNorm,1x768,LayerNorm-V1,0.00643577,0.00332800,0.00682844,0.00000,1.00000
1,LayerNorm,1x768,LayerNorm-V2,0.00643484,0.00295822,0.00663467,0.00000,1.00000
1,LayerNorm,1x768,LayerNorm-V3,0.00299601,0.00267270,0.00278887,0.00000,1.00000
1,LayerNorm,1x768,LayerNorm-V4,0.00383162,0.00377280,0.00379600,0.00000,1.00000
1,LayerNorm,1x768,Shape,0.00218635,0.00191443,0.00221009,0.00000,1.00000
1,LayerNorm,1x768,Dispatcher,0.00470784,0.00304533,0.00339467,0.00000,1.00000
1,LayerNorm,1x768,cuDNN,0.00154851,0.00143840,0.00151760,0.00000,1.00000
2,LayerNorm,1x768,LayerNorm-V2,0.00296955,0.00266800,0.00276533,0.00000,1.00000
2,LayerNorm,1x768,LayerNorm-V3,0.00427765,0.00321600,0.00356000,0.00000,1.00000
2,LayerNorm,1x768,LayerNorm-V4,0.00369113,0.00365078,0.00368696,0.00000,1.00000
2,LayerNorm,1x768,Shape,0.00347730,0.00257829,0.00290743,0.00000,1.00000
2,LayerNorm,1x768,Dispatcher,0.00222830,0.00193143,0.00204114,0.00000,1.00000
2,LayerNorm,1x768,cuDNN,0.00133002,0.00126848,0.00132800,0.00000,1.00000
2,LayerNorm,1x768,LayerNorm-V1,0.00284908,0.00279314,0.00285453,0.00000,1.00000
3,LayerNorm,1x768,LayerNorm-V3,0.00257386,0.00252690,0.00256993,0.00000,1.00000
3,LayerNorm,1x768,LayerNorm-V4,0.00535584,0.00425600,0.00461600,0.00000,1.00000
3,LayerNorm,1x768,Shape,0.00221959,0.00211368,0.00219958,0.00000,1.00000
3,LayerNorm,1x768,Dispatcher,0.00208192,0.00201733,0.00208000,0.00000,1.00000
3,LayerNorm,1x768,cuDNN,0.00139174,0.00124928,0.00133312,0.00000,1.00000
3,LayerNorm,1x768,LayerNorm-V1,0.00478821,0.00348800,0.00376686,0.00000,1.00000
3,LayerNorm,1x768,LayerNorm-V2,0.00267570,0.00253316,0.00260129,0.00000,1.00000
4,LayerNorm,1x768,LayerNorm-V4,0.00367562,0.00360448,0.00367104,0.00000,1.00000
4,LayerNorm,1x768,Shape,0.00216540,0.00211478,0.00216557,0.00000,1.00000
4,LayerNorm,1x768,Dispatcher,0.00207974,0.00201728,0.00209024,0.00000,1.00000
4,LayerNorm,1x768,cuDNN,0.00151220,0.00126154,0.00136123,0.00000,1.00000
4,LayerNorm,1x768,LayerNorm-V1,0.00597941,0.00371733,0.00407200,0.00000,1.00000
4,LayerNorm,1x768,LayerNorm-V2,0.00460910,0.00337829,0.00367314,0.00000,1.00000
4,LayerNorm,1x768,LayerNorm-V3,0.00278121,0.00272145,0.00277745,0.00000,1.00000
5,LayerNorm,1x768,Shape,0.00220912,0.00201467,0.00207733,0.00000,1.00000
5,LayerNorm,1x768,Dispatcher,0.00207683,0.00199733,0.00207733,0.00000,1.00000
5,LayerNorm,1x768,cuDNN,0.00165841,0.00123965,0.00136904,0.00000,1.00000
5,LayerNorm,1x768,LayerNorm-V1,0.00302130,0.00284207,0.00297659,0.00000,1.00000
5,LayerNorm,1x768,LayerNorm-V2,0.00262510,0.00257943,0.00262000,0.00000,1.00000
5,LayerNorm,1x768,LayerNorm-V3,0.00371438,0.00269714,0.00331657,0.00000,1.00000
5,LayerNorm,1x768,LayerNorm-V4,0.00371309,0.00363826,0.00368904,0.00000,1.00000
1,LayerNorm,16x768,LayerNorm-V1,0.00362438,0.00310691,0.00321018,0.00000,1.00000
1,LayerNorm,16x768,LayerNorm-V2,0.00296267,0.00284104,0.00289043,0.00000,1.00000
1,LayerNorm,16x768,LayerNorm-V3,0.00302400,0.00275200,0.00283200,0.00000,1.00000
1,LayerNorm,16x768,LayerNorm-V4,0.00431818,0.00399520,0.00411200,0.00000,1.00000
1,LayerNorm,16x768,Shape,0.00240476,0.00226643,0.00233809,0.00000,1.00000
1,LayerNorm,16x768,Dispatcher,0.00390482,0.00301714,0.00318629,0.00000,1.00000
1,LayerNorm,16x768,cuDNN,0.00186286,0.00175822,0.00182400,0.00000,1.00000
2,LayerNorm,16x768,LayerNorm-V2,0.00290612,0.00280436,0.00289891,0.00000,1.00000
2,LayerNorm,16x768,LayerNorm-V3,0.00290784,0.00278255,0.00288727,0.00000,1.00000
2,LayerNorm,16x768,LayerNorm-V4,0.00429731,0.00391273,0.00403855,0.00000,1.00000
2,LayerNorm,16x768,Shape,0.00252941,0.00229120,0.00233728,0.00000,1.00000
2,LayerNorm,16x768,Dispatcher,0.00237240,0.00229843,0.00232557,0.00000,1.00000
2,LayerNorm,16x768,cuDNN,0.00181982,0.00177853,0.00181474,0.00000,1.00000
2,LayerNorm,16x768,LayerNorm-V1,0.00308506,0.00301696,0.00306112,0.00000,1.00000
3,LayerNorm,16x768,LayerNorm-V3,0.00284194,0.00262480,0.00266440,0.00000,1.00000
3,LayerNorm,16x768,LayerNorm-V4,0.00421626,0.00403040,0.00411920,0.00000,1.00000
3,LayerNorm,16x768,Shape,0.00516480,0.00324800,0.00386933,0.00000,1.00000
3,LayerNorm,16x768,Dispatcher,0.00233991,0.00222104,0.00227970,0.00000,1.00000
3,LayerNorm,16x768,cuDNN,0.00407189,0.00216000,0.00297067,0.00000,1.00000
3,LayerNorm,16x768,LayerNorm-V1,0.00498130,0.00367543,0.00391543,0.00000,1.00000
3,LayerNorm,16x768,LayerNorm-V2,0.00287813,0.00271526,0.00279704,0.00000,1.00000
4,LayerNorm,16x768,LayerNorm-V4,0.00470208,0.00431600,0.00458200,0.00000,1.00000
4,LayerNorm,16x768,Shape,0.00234985,0.00224768,0.00229184,0.00000,1.00000
4,LayerNorm,16x768,Dispatcher,0.00489707,0.00304000,0.00352267,0.00000,1.00000
4,LayerNorm,16x768,cuDNN,0.00170224,0.00163333,0.00168333,0.00000,1.00000
4,LayerNorm,16x768,LayerNorm-V1,0.00307884,0.00299815,0.00306523,0.00000,1.00000
4,LayerNorm,16x768,LayerNorm-V2,0.00287857,0.00282036,0.00287127,0.00000,1.00000
4,LayerNorm,16x768,LayerNorm-V3,0.00279722,0.00262892,0.00273969,0.00000,1.00000
5,LayerNorm,16x768,Shape,0.00248519,0.00218629,0.00227314,0.00000,1.00000
5,LayerNorm,16x768,Dispatcher,0.00255274,0.00228035,0.00238609,0.00000,1.00000
5,LayerNorm,16x768,cuDNN,0.00204968,0.00158019,0.00170819,0.00000,1.00000
5,LayerNorm,16x768,LayerNorm-V1,0.00331846,0.00309009,0.00314991,0.00000,1.00000
5,LayerNorm,16x768,LayerNorm-V2,0.00558504,0.00328000,0.00542800,0.00000,1.00000
5,LayerNorm,16x768,LayerNorm-V3,0.00666048,0.00353371,0.00625600,0.00000,1.00000
5,LayerNorm,16x768,LayerNorm-V4,0.01029184,0.00461257,0.01030857,0.00000,1.00000
1,LayerNorm,128x768,LayerNorm-V1,0.00723429,0.00508343,0.00584000,0.00000,1.00000
1,LayerNorm,128x768,LayerNorm-V2,0.00419659,0.00403478,0.00413983,0.00000,1.00000
1,LayerNorm,128x768,LayerNorm-V3,0.00408899,0.00390528,0.00400448,0.00000,1.00000
1,LayerNorm,128x768,LayerNorm-V4,0.00698738,0.00657422,0.00684800,0.00000,1.00000
1,LayerNorm,128x768,Shape,0.00257098,0.00235264,0.00240256,0.00000,1.00000
1,LayerNorm,128x768,Dispatcher,0.00246792,0.00236400,0.00241800,0.00000,1.00000
1,LayerNorm,128x768,cuDNN,0.00377908,0.00340945,0.00355055,0.00000,1.00000
2,LayerNorm,128x768,LayerNorm-V2,0.00452758,0.00400000,0.00432640,0.00000,1.00000
2,LayerNorm,128x768,LayerNorm-V3,0.00394021,0.00384229,0.00394914,0.00000,1.00000
2,LayerNorm,128x768,LayerNorm-V4,0.00717616,0.00706000,0.00718800,0.00000,1.00000
2,LayerNorm,128x768,Shape,0.00241796,0.00228267,0.00232970,0.00000,1.00000
2,LayerNorm,128x768,Dispatcher,0.00238479,0.00225876,0.00230731,0.00000,1.00000
2,LayerNorm,128x768,cuDNN,0.00300101,0.00293662,0.00300185,0.00000,1.00000
2,LayerNorm,128x768,LayerNorm-V1,0.00490442,0.00481664,0.00486784,0.00000,1.00000
3,LayerNorm,128x768,LayerNorm-V3,0.00395302,0.00386560,0.00396160,0.00000,1.00000
3,LayerNorm,128x768,LayerNorm-V4,0.00665853,0.00653818,0.00665018,0.00000,1.00000
3,LayerNorm,128x768,Shape,0.00244181,0.00227886,0.00232286,0.00000,1.00000
3,LayerNorm,128x768,Dispatcher,0.00231513,0.00227200,0.00230686,0.00000,1.00000
3,LayerNorm,128x768,cuDNN,0.00509047,0.00360686,0.00382400,0.00000,1.00000
3,LayerNorm,128x768,LayerNorm-V1,0.00493999,0.00489461,0.00492313,0.00000,1.00000
3,LayerNorm,128x768,LayerNorm-V2,0.00409854,0.00402857,0.00407200,0.00000,1.00000
4,LayerNorm,128x768,LayerNorm-V4,0.00667717,0.00655616,0.00660352,0.00000,1.00000
4,LayerNorm,128x768,Shape,0.00245796,0.00238976,0.00244800,0.00000,1.00000
4,LayerNorm,128x768,Dispatcher,0.00248026,0.00233728,0.00245312,0.00000,1.00000
4,LayerNorm,128x768,cuDNN,0.00312733,0.00303564,0.00311927,0.00000,1.00000
4,LayerNorm,128x768,LayerNorm-V1,0.00631957,0.00568533,0.00600267,0.00000,1.00000
4,LayerNorm,128x768,LayerNorm-V2,0.00452288,0.00414933,0.00425524,0.00000,1.00000
4,LayerNorm,128x768,LayerNorm-V3,0.00395149,0.00385664,0.00395008,0.00000,1.00000
5,LayerNorm,128x768,Shape,0.00232019,0.00225813,0.00227253,0.00000,1.00000
5,LayerNorm,128x768,Dispatcher,0.00230613,0.00227200,0.00228971,0.00000,1.00000
5,LayerNorm,128x768,cuDNN,0.00298299,0.00291968,0.00299968,0.00000,1.00000
5,LayerNorm,128x768,LayerNorm-V1,0.00491474,0.00483456,0.00492288,0.00000,1.00000
5,LayerNorm,128x768,LayerNorm-V2,0.00413647,0.00405888,0.00411648,0.00000,1.00000
5,LayerNorm,128x768,LayerNorm-V3,0.00411357,0.00389200,0.00403067,0.00000,1.00000
5,LayerNorm,128x768,LayerNorm-V4,0.00676774,0.00665440,0.00675360,0.00000,1.00000
1,LayerNorm,128x3072,LayerNorm-V1,0.01267456,0.01222400,0.01260160,0.00000,1.00000
1,LayerNorm,128x3072,LayerNorm-V2,0.01019576,0.00985976,0.01020235,0.00000,1.00000
1,LayerNorm,128x3072,LayerNorm-V3,0.01018372,0.00984471,0.01020518,0.00000,1.00000
1,LayerNorm,128x3072,LayerNorm-V4,0.00964648,0.00953800,0.00964200,0.00000,1.00000
1,LayerNorm,128x3072,Shape,0.00579523,0.00557474,0.00568674,0.00000,1.00000
1,LayerNorm,128x3072,Dispatcher,0.00572623,0.00554057,0.00569219,0.00000,1.00000
1,LayerNorm,128x3072,cuDNN,0.00554567,0.00542222,0.00556444,0.00000,1.00000
2,LayerNorm,128x3072,LayerNorm-V2,0.01043166,0.01007573,0.01038507,0.00000,1.00000
2,LayerNorm,128x3072,LayerNorm-V3,0.01035934,0.01005653,0.01034027,0.00000,1.00000
2,LayerNorm,128x3072,LayerNorm-V4,0.00993427,0.00981459,0.00992847,0.00000,1.00000
2,LayerNorm,128x3072,Shape,0.00585280,0.00572295,0.00584590,0.00000,1.00000
2,LayerNorm,128x3072,Dispatcher,0.00617997,0.00567242,0.00583747,0.00000,1.00000
2,LayerNorm,128x3072,cuDNN,0.00543395,0.00536480,0.00542880,0.00000,1.00000
2,LayerNorm,128x3072,LayerNorm-V1,0.01266240,0.01227200,0.01264000,0.00000,1.00000
3,LayerNorm,128x3072,LayerNorm-V3,0.01089288,0.00994600,0.01037500,0.00000,1.00000
3,LayerNorm,128x3072,LayerNorm-V4,0.01108149,0.01054933,0.01093867,0.00000,1.00000
3,LayerNorm,128x3072,Shape,0.00704521,0.00597943,0.00642743,0.00000,1.00000
3,LayerNorm,128x3072,Dispatcher,0.00711826,0.00627657,0.00640914,0.00000,1.00000
3,LayerNorm,128x3072,cuDNN,0.00734117,0.00587429,0.00613486,0.00000,1.00000
3,LayerNorm,128x3072,LayerNorm-V1,0.01238811,0.01192686,0.01224686,0.00000,1.00000
3,LayerNorm,128x3072,LayerNorm-V2,0.01120245,0.01049067,0.01122667,0.00000,1.00000
4,LayerNorm,128x3072,LayerNorm-V4,0.01076032,0.01017143,0.01071771,0.00000,1.00000
4,LayerNorm,128x3072,Shape,0.00622456,0.00557217,0.00573704,0.00000,1.00000
4,LayerNorm,128x3072,Dispatcher,0.00839957,0.00633067,0.00695733,0.00000,1.00000
4,LayerNorm,128x3072,cuDNN,0.01187157,0.00607467,0.01277333,0.00000,1.00000
4,LayerNorm,128x3072,LayerNorm-V1,0.01230857,0.01173486,0.01229257,0.00000,1.00000
4,LayerNorm,128x3072,LayerNorm-V2,0.01135433,0.01034514,0.01110172,0.00000,1.00000
4,LayerNorm,128x3072,LayerNorm-V3,0.01117751,0.01044114,0.01106286,0.00000,1.00000
5,LayerNorm,128x3072,Shape,0.00767680,0.00591543,0.00668800,0.00000,1.00000
5,LayerNorm,128x3072,Dispatcher,0.00792395,0.00615467,0.00710933,0.00000,1.00000
5,LayerNorm,128x3072,cuDNN,0.01091403,0.00598933,0.01261067,0.00000,1.00000
5,LayerNorm,128x3072,LayerNorm-V1,0.01301111,0.01165257,0.01234514,0.00000,1.00000
5,LayerNorm,128x3072,LayerNorm-V2,0.01033175,0.00982023,0.01016565,0.00000,1.00000
5,LayerNorm,128x3072,LayerNorm-V3,0.01011499,0.00983289,0.01008267,0.00000,1.00000
5,LayerNorm,128x3072,LayerNorm-V4,0.00964152,0.00953600,0.00965200,0.00000,1.00000
1,Softmax,12x128,Softmax-V1,0.00320672,0.00229200,0.00245600,0.00000,1.00000
1,Softmax,12x128,Softmax-V2,0.00402222,0.00230400,0.00258057,0.00000,1.00000
1,Softmax,12x128,Softmax-V3,0.00147927,0.00143543,0.00146286,0.00000,1.00000
1,Softmax,12x128,Softmax-V4,0.00251000,0.00214667,0.00229867,0.00000,1.00000
1,Softmax,12x128,Shape,0.00140407,0.00112107,0.00124267,0.00000,1.00000
1,Softmax,12x128,Dispatcher,0.00124964,0.00110400,0.00116350,0.00000,1.00000
1,Softmax,12x128,cuDNN,0.00141376,0.00124024,0.00128000,0.00000,1.00000
2,Softmax,12x128,Softmax-V2,0.00157240,0.00150727,0.00153241,0.00000,1.00000
2,Softmax,12x128,Softmax-V3,0.00173013,0.00124267,0.00148867,0.00000,1.00000
2,Softmax,12x128,Softmax-V4,0.00230565,0.00212571,0.00220514,0.00000,1.00000
2,Softmax,12x128,Shape,0.00133796,0.00120889,0.00127881,0.00000,1.00000
2,Softmax,12x128,Dispatcher,0.00128896,0.00118528,0.00125568,0.00000,1.00000
2,Softmax,12x128,cuDNN,0.00140529,0.00134656,0.00138816,0.00000,1.00000
2,Softmax,12x128,Softmax-V1,0.00414510,0.00241829,0.00278171,0.00000,1.00000
3,Softmax,12x128,Softmax-V3,0.00464154,0.00249600,0.00296960,0.00000,1.00000
3,Softmax,12x128,Softmax-V4,0.00242294,0.00215015,0.00226092,0.00000,1.00000
3,Softmax,12x128,Shape,0.00147957,0.00113813,0.00123147,0.00000,1.00000
3,Softmax,12x128,Dispatcher,0.00134451,0.00103467,0.00126507,0.00000,1.00000
3,Softmax,12x128,cuDNN,0.00134359,0.00123200,0.00129067,0.00000,1.00000
3,Softmax,12x128,Softmax-V1,0.00338130,0.00191086,0.00268114,0.00000,1.00000
3,Softmax,12x128,Softmax-V2,0.00161602,0.00154629,0.00161086,0.00000,1.00000
4,Softmax,12x128,Softmax-V4,0.00264921,0.00204431,0.00226462,0.00000,1.00000
4,Softmax,12x128,Shape,0.00214676,0.00138585,0.00150031,0.00000,1.00000
4,Softmax,12x128,Dispatcher,0.00434304,0.00197120,0.00270080,0.00000,1.00000
4,Softmax,12x128,cuDNN,0.00295451,0.00181029,0.00221486,0.00000,1.00000
4,Softmax,12x128,Softmax-V1,0.00186383,0.00173908,0.00185723,0.00000,1.00000
4,Softmax,12x128,Softmax-V2,0.00165056,0.00157785,0.00163446,0.00000,1.00000
4,Softmax,12x128,Softmax-V3,0.00143448,0.00134841,0.00138703,0.00000,1.00000
5,Softmax,12x128,Shape,0.00142677,0.00117547,0.00126933,0.00000,1.00000
5,Softmax,12x128,Dispatcher,0.00132445,0.00114538,0.00124469,0.00000,1.00000
5,Softmax,12x128,cuDNN,0.00281536,0.00142629,0.00220571,0.00000,1.00000
5,Softmax,12x128,Softmax-V1,0.00177861,0.00170193,0.00178904,0.00000,1.00000
5,Softmax,12x128,Softmax-V2,0.00165399,0.00148748,0.00157884,0.00000,1.00000
5,Softmax,12x128,Softmax-V3,0.00144150,0.00128600,0.00138250,0.00000,1.00000
5,Softmax,12x128,Softmax-V4,0.00226075,0.00223877,0.00225600,0.00000,1.00000
1,Softmax,1536x128,Softmax-V1,0.02823701,0.02796444,0.02817778,0.00000,1.00000
1,Softmax,1536x128,Softmax-V2,0.01983712,0.01959733,0.01981467,0.00000,1.00000
1,Softmax,1536x128,Softmax-V3,0.01296608,0.01273829,0.01290400,0.00000,1.00000
1,Softmax,1536x128,Softmax-V4,0.02279604,0.02260654,0.02275491,0.00000,1.00000
1,Softmax,1536x128,Shape,0.00272522,0.00244800,0.00256062,0.00000,1.00000
1,Softmax,1536x128,Dispatcher,0.00369024,0.00251200,0.00299840,0.00000,1.00000
1,Softmax,1536x128,cuDNN,0.00272105,0.00240229,0.00247086,0.00000,1.00000
2,Softmax,1536x128,Softmax-V2,0.02017646,0.02003491,0.02016873,0.00000,1.00000
2,Softmax,1536x128,Softmax-V3,0.01306766,0.01294857,0.01307886,0.00000,1.00000
2,Softmax,1536x128,Softmax-V4,0.02307482,0.02284160,0.02306560,0.00000,1.00000
2,Softmax,1536x128,Shape,0.00262008,0.00253333,0.00261067,0.00000,1.00000
2,Softmax,1536x128,Dispatcher,0.00260201,0.00249856,0.00258688,0.00000,1.00000
2,Softmax,1536x128,cuDNN,0.00282961,0.00245046,0.00249723,0.00000,1.00000
2,Softmax,1536x128,Softmax-V1,0.02911595,0.02887467,0.02911111,0.00000,1.00000
3,Softmax,1536x128,Softmax-V3,0.01326642,0.01308343,0.01324800,0.00000,1.00000
3,Softmax,1536x128,Softmax-V4,0.02589141,0.02496000,0.02542933,0.00000,1.00000
3,Softmax,1536x128,Shape,0.00257815,0.00246656,0.00255232,0.00000,1.00000
3,Softmax,1536x128,Dispatcher,0.00249878,0.00242648,0.00248993,0.00000,1.00000
3,Softmax,1536x128,cuDNN,0.00254058,0.00244062,0.00247138,0.00000,1.00000
3,Softmax,1536x128,Softmax-V1,0.02900288,0.02868800,0.02898600,0.00000,1.00000
3,Softmax,1536x128,Softmax-V2,0.02005143,0.01981964,0.02000582,0.00000,1.00000
4,Softmax,1536x128,Softmax-V4,0.02291199,0.02272320,0.02292320,0.00000,1.00000
4,Softmax,1536x128,Shape,0.00280220,0.00247652,0.00263026,0.00000,1.00000
4,Softmax,1536x128,Dispatcher,0.00259264,0.00242267,0.00260867,0.00000,1.00000
4,Softmax,1536x128,cuDNN,0.00253528,0.00251333,0.00253133,0.00000,1.00000
4,Softmax,1536x128,Softmax-V1,0.02962496,0.02897600,0.02947600,0.00000,1.00000
4,Softmax,1536x128,Softmax-V2,0.02035479,0.02021527,0.02037091,0.00000,1.00000
4,Softmax,1536x128,Softmax-V3,0.01410902,0.01387200,0.01411200,0.00000,1.00000
5,Softmax,1536x128,Shape,0.00271296,0.00249461,0.00263096,0.00000,1.00000
5,Softmax,1536x128,Dispatcher,0.00257272,0.00249472,0.00258304,0.00000,1.00000
5,Softmax,1536x128,cuDNN,0.00270538,0.00242462,0.00249538,0.00000,1.00000
5,Softmax,1536x128,Softmax-V1,0.02816754,0.02801422,0.02813689,0.00000,1.00000
5,Softmax,1536x128,Softmax-V2,0.02036655,0.02021818,0.02033164,0.00000,1.00000
5,Softmax,1536x128,Softmax-V3,0.01297006,0.01280000,0.01293371,0.00000,1.00000
5,Softmax,1536x128,Softmax-V4,0.02280890,0.02264640,0.02282080,0.00000,1.00000
1,Softmax,3072x256,Softmax-V1,0.05937881,0.05884160,0.05932800,0.00000,1.00000
1,Softmax,3072x256,Softmax-V2,0.04266935,0.04229029,0.04246172,0.00000,1.00000
1,Softmax,3072x256,Softmax-V3,0.02847922,0.02813155,0.02841244,0.00000,1.00000
1,Softmax,3072x256,Softmax-V4,0.04867423,0.04711467,0.04791200,0.00000,1.00000
1,Softmax,3072x256,Shape,0.00681283,0.00668632,0.00675368,0.00000,1.00000
1,Softmax,3072x256,Dispatcher,0.00696542,0.00666442,0.00674105,0.00000,1.00000
1,Softmax,3072x256,cuDNN,0.00673088,0.00662552,0.00670248,0.00000,1.00000
2,Softmax,3072x256,Softmax-V2,0.04774176,0.04507734,0.04876000,0.00000,1.00000
2,Softmax,3072x256,Softmax-V3,0.03173392,0.03034400,0.03200800,0.00000,1.00000
2,Softmax,3072x256,Softmax-V4,0.05133066,0.05032533,0.05134933,0.00000,1.00000
2,Softmax,3072x256,Shape,0.00692656,0.00667040,0.00672640,0.00000,1.00000
2,Softmax,3072x256,Dispatcher,0.00673232,0.00669120,0.00671840,0.00000,1.00000
2,Softmax,3072x256,cuDNN,0.00689625,0.00678222,0.00689778,0.00000,1.00000
2,Softmax,3072x256,Softmax-V1,0.06668569,0.06424320,0.06711680,0.00000,1.00000
3,Softmax,3072x256,Softmax-V3,0.03056416,0.03020800,0.03058600,0.00000,1.00000
3,Softmax,3072x256,Softmax-V4,0.05045003,0.05004800,0.05034133,0.00000,1.00000
3,Softmax,3072x256,Shape,0.00676722,0.00672505,0.00674526,0.00000,1.00000
3,Softmax,3072x256,Dispatcher,0.00687168,0.00682947,0.00685810,0.00000,1.00000
3,Softmax,3072x256,cuDNN,0.00690449,0.00677726,0.00690358,0.00000,1.00000
3,Softmax,3072x256,Softmax-V1,0.07708058,0.06493440,0.07880960,0.00000,1.00000
3,Softmax,3072x256,Softmax-V2,0.05104614,0.05030400,0.05051200,0.00000,1.00000
4,Softmax,3072x256,Softmax-V4,0.05602728,0.05473280,0.05609280,0.00000,1.00000
4,Softmax,3072x256,Shape,0.00718918,0.00706400,0.00718640,0.00000,1.00000
4,Softmax,3072x256,Dispatcher,0.00768259,0.00706560,0.00793440,0.00000,1.00000
4,Softmax,3072x256,cuDNN,0.00827720,0.00806400,0.00829365,0.00000,1.00000
4,Softmax,3072x256,Softmax-V1,0.08137887,0.07570400,0.08393200,0.00000,1.00000
4,Softmax,3072x256,Softmax-V2,0.05567962,0.05161600,0.05220800,0.00000,1.00000
4,Softmax,3072x256,Softmax-V3,0.03392576,0.03272229,0.03397029,0.00000,1.00000
5,Softmax,3072x256,Shape,0.00733167,0.00721516,0.00731705,0.00000,1.00000
5,Softmax,3072x256,Dispatcher,0.00744067,0.00724379,0.00731958,0.00000,1.00000
5,Softmax,3072x256,cuDNN,0.00792583,0.00740267,0.00812533,0.00000,1.00000
5,Softmax,3072x256,Softmax-V1,0.07504416,0.07197600,0.07545200,0.00000,1.00000
5,Softmax,3072x256,Softmax-V2,0.05155627,0.05116800,0.05154400,0.00000,1.00000
5,Softmax,3072x256,Softmax-V3,0.03259584,0.03118171,0.03162971,0.00000,1.00000
5,Softmax,3072x256,Softmax-V4,0.05265856,0.05193600,0.05264267,0.00000,1.00000
1,Softmax,12288x1024,Softmax-V1,0.46683967,0.45395201,0.45878398,0.00000,1.00000
1,Softmax,12288x1024,Softmax-V2,0.47266877,0.46112001,0.47222400,0.00000,1.00000
1,Softmax,12288x1024,Softmax-V3,0.44282177,0.43955201,0.44244799,0.00000,1.00000
1,Softmax,12288x1024,Softmax-V4,0.38698560,0.38220799,0.38534400,0.00000,1.00000
1,Softmax,12288x1024,Shape,0.38038334,0.37468800,0.38051200,0.00000,1.00000
1,Softmax,12288x1024,Dispatcher,0.38170433,0.37660801,0.38072002,0.00000,1.00000
1,Softmax,12288x1024,cuDNN,0.54294592,0.53350401,0.54388797,0.00000,1.00000
2,Softmax,12288x1024,Softmax-V2,0.45929080,0.45004800,0.46155202,0.00000,1.00000
2,Softmax,12288x1024,Softmax-V3,0.44087613,0.43628800,0.44052801,0.00000,1.00000
2,Softmax,12288x1024,Softmax-V4,0.39232892,0.38070399,0.39217600,0.00000,1.00000
2,Softmax,12288x1024,Shape,0.37956604,0.37388799,0.37985599,0.00000,1.00000
2,Softmax,12288x1024,Dispatcher,0.38016263,0.37478399,0.37993598,0.00000,1.00000
2,Softmax,12288x1024,cuDNN,0.54624957,0.53865600,0.54179198,0.00000,1.00000
2,Softmax,12288x1024,Softmax-V1,0.47513142,0.46739200,0.47227201,0.00000,1.00000
3,Softmax,12288x1024,Softmax-V3,0.44007933,0.43417600,0.44032001,0.00000,1.00000
3,Softmax,12288x1024,Softmax-V4,0.39611071,0.38105601,0.39364800,0.00000,1.00000
3,Softmax,12288x1024,Shape,0.38305014,0.37635201,0.38060799,0.00000,1.00000
3,Softmax,12288x1024,Dispatcher,0.38103741,0.37500799,0.38088000,0.00000,1.00000
3,Softmax,12288x1024,cuDNN,0.54091001,0.53065598,0.54369599,0.00000,1.00000
3,Softmax,12288x1024,Softmax-V1,0.47582024,0.47183999,0.47563201,0.00000,1.00000
3,Softmax,12288x1024,Softmax-V2,0.47250438,0.46511999,0.47307199,0.00000,1.00000
4,Softmax,12288x1024,Softmax-V4,0.38023230,0.37734401,0.37977600,0.00000,1.00000
4,Softmax,12288x1024,Shape,0.38092926,0.37628800,0.38064000,0.00000,1.00000
4,Softmax,12288x1024,Dispatcher,0.38046336,0.37462401,0.38081598,0.00000,1.00000
4,Softmax,12288x1024,cuDNN,0.73255408,0.71318400,0.71657598,0.00000,1.00000
4,Softmax,12288x1024,Softmax-V1,0.62934399,0.58780801,0.65358400,0.00000,1.00000
4,Softmax,12288x1024,Softmax-V2,0.61238348,0.59561598,0.61526400,0.00000,1.00000
4,Softmax,12288x1024,Softmax-V3,0.57562631,0.55046397,0.57828802,0.00000,1.00000
5,Softmax,12288x1024,Shape,0.38092667,0.37606400,0.38054401,0.00000,1.00000
5,Softmax,12288x1024,Dispatcher,0.38116035,0.37715200,0.38075200,0.00000,1.00000
5,Softmax,12288x1024,cuDNN,0.66437060,0.61632001,0.67529595,0.00000,1.00000
5,Softmax,12288x1024,Softmax-V1,0.53073663,0.52403200,0.52940798,0.00000,1.00000
5,Softmax,12288x1024,Softmax-V2,0.51354426,0.50604802,0.51406395,0.00000,1.00000
5,Softmax,12288x1024,Softmax-V3,0.46477118,0.45881599,0.46320000,0.00000,1.00000
5,Softmax,12288x1024,Softmax-V4,0.40346050,0.39904001,0.40227199,0.00000,1.00000
