operator,shape,kernel,avg_ms,min_ms,med_ms,tflops,speedup_vs_naive,vendor_speedup_median,vendor_speedup_min_trial,trial_count
MatMul,1x768x768,Naive(V1),0.01657341,0.01596800,0.01624492,0.07118,1.00000,0.28967,0.26769,5
MatMul,1x768x768,Tiled16(V2),0.03582975,0.03417600,0.03484571,0.03292,0.46256,0.13504,0.11948,5
MatMul,1x768x768,Tiled32(V2),0.08724932,0.08444800,0.08521200,0.01352,0.18995,0.05522,0.04933,5
MatMul,1x768x768,RegBlock(V3),0.08012760,0.07752000,0.07858400,0.01472,0.20684,0.05988,0.05390,5
MatMul,1x768x768,Unrolled32(V4),0.08519097,0.08412000,0.08513600,0.01385,0.19454,0.05527,0.05448,5
MatMul,1x768x768,Shape,0.00735031,0.00692042,0.00713600,0.16049,2.25479,0.65943,0.57187,5
MatMul,1x768x768,Dispatcher,0.00733102,0.00688320,0.00703495,0.16091,2.26072,0.66890,0.59043,5
MatMul,1x768x768,cuBLAS,0.00470602,0.00459840,0.00470568,0.25067,3.52175,1.00000,1.00000,5
MatMul,16x768x768,Naive(V1),0.04017144,0.03884343,0.03939657,0.46985,1.00000,0.28765,0.28591,5
MatMul,16x768x768,Tiled16(V2),0.03583958,0.03448400,0.03575200,0.52663,1.12087,0.31698,0.30119,5
MatMul,16x768x768,Tiled32(V2),0.08728826,0.08528800,0.08650133,0.21623,0.46022,0.13101,0.12757,5
MatMul,16x768x768,RegBlock(V3),0.11542274,0.11335466,0.11428800,0.16352,0.34804,0.09916,0.09723,5
MatMul,16x768x768,Unrolled32(V4),0.08573388,0.08519200,0.08566800,0.22015,0.46856,0.13228,0.13160,5
MatMul,16x768x768,Shape,0.04238421,0.04171428,0.04199543,0.44532,0.94779,0.26985,0.26813,5
MatMul,16x768x768,Dispatcher,0.03567003,0.03442286,0.03486400,0.52914,1.12620,0.32505,0.31437,5
MatMul,16x768x768,cuBLAS,0.01160329,0.01101486,0.01133257,1.62664,3.46207,1.00000,1.00000,5
MatMul,128x768x768,Naive(V1),0.21440288,0.20337600,0.21312800,0.70426,1.00000,0.20297,0.19481,5
MatMul,128x768x768,Tiled16(V2),0.22884658,0.20806400,0.22933599,0.65981,0.93688,0.18862,0.17837,5
MatMul,128x768x768,Tiled32(V2),0.22508301,0.21292800,0.22371200,0.67084,0.95255,0.19336,0.18539,5
MatMul,128x768x768,RegBlock(V3),0.14057873,0.13353600,0.13543466,1.07410,1.52514,0.31940,0.28398,5
MatMul,128x768x768,Unrolled32(V4),0.21684246,0.21142399,0.21311200,0.69633,0.98875,0.20298,0.19054,5
MatMul,128x768x768,Shape,0.13511382,0.13367467,0.13451733,1.11754,1.58683,0.32158,0.31662,5
MatMul,128x768x768,Dispatcher,0.13599558,0.13352533,0.13521066,1.11029,1.57654,0.31993,0.31477,5
MatMul,128x768x768,cuBLAS,0.04367039,0.04220800,0.04325760,3.45760,4.90957,1.00000,1.00000,5
MatMul,128x768x3072,Naive(V1),0.88397139,0.74486399,0.88507199,0.68326,1.00000,0.13425,0.12736,5
MatMul,128x768x3072,Tiled16(V2),0.87582529,0.82940799,0.85932797,0.68961,1.00930,0.13827,0.13242,5
MatMul,128x768x3072,Tiled32(V2),0.85978425,0.83503997,0.85457599,0.70248,1.02813,0.13904,0.13481,5
MatMul,128x768x3072,RegBlock(V3),0.32398233,0.31347200,0.31832001,1.86424,2.72846,0.37328,0.36579,5
MatMul,128x768x3072,Unrolled32(V4),0.87828898,0.83433598,0.89531195,0.68768,1.00647,0.13272,0.13019,5
MatMul,128x768x3072,Shape,0.26226926,0.25560001,0.25998402,2.30290,3.37047,0.45703,0.45197,5
MatMul,128x768x3072,Dispatcher,0.27844384,0.26926401,0.27557600,2.16913,3.17468,0.43117,0.42271,5
MatMul,128x768x3072,cuBLAS,0.12130053,0.11467733,0.11882133,4.97920,7.28745,1.00000,1.00000,5
MatMul,128x3072x768,Naive(V1),0.94327819,0.78873599,0.93822402,0.64030,1.00000,0.10745,0.10018,5
MatMul,128x3072x768,Tiled16(V2),0.91673112,0.85747200,0.89732802,0.65884,1.02896,0.11235,0.10408,5
MatMul,128x3072x768,Tiled32(V2),0.86432278,0.83267200,0.85630399,0.69879,1.09135,0.11773,0.11023,5
MatMul,128x3072x768,RegBlock(V3),0.53464633,0.52454400,0.53188801,1.12968,1.76430,0.18954,0.18398,5
MatMul,128x3072x768,Unrolled32(V4),0.84633529,0.83267200,0.83827198,0.71364,1.11454,0.12027,0.11634,5
MatMul,128x3072x768,Shape,0.53258789,0.52627200,0.52894402,1.13405,1.77112,0.19060,0.18747,5
MatMul,128x3072x768,Dispatcher,0.53553206,0.52521598,0.53255999,1.12781,1.76139,0.18930,0.18623,5
MatMul,128x3072x768,cuBLAS,0.10143800,0.09848533,0.10081600,5.95418,9.29906,1.00000,1.00000,5
MatMul,128x64x128,Naive(V1),0.00535378,0.00440291,0.00476800,0.39171,1.00000,1.65157,1.46353,5
MatMul,128x64x128,Tiled16(V2),0.00547777,0.00460400,0.00474819,0.38285,0.97736,1.65846,1.47865,5
MatMul,128x64x128,Tiled32(V2),0.00539806,0.00446191,0.00465219,0.38850,0.99180,1.69268,1.50911,5
MatMul,128x64x128,RegBlock(V3),0.01015982,0.01000471,0.01009689,0.20642,0.52696,0.77991,0.68492,5
MatMul,128x64x128,Unrolled32(V4),0.00598222,0.00459491,0.00540343,0.35056,0.89495,1.45735,1.23960,5
MatMul,128x64x128,Shape,0.00940094,0.00907911,0.00921600,0.22308,0.56949,0.85446,0.75718,5
MatMul,128x64x128,Dispatcher,0.00556875,0.00463722,0.00471636,0.37659,0.96140,1.66965,1.44702,5
MatMul,128x64x128,cuBLAS,0.00980782,0.00675200,0.00787467,0.21382,0.54587,1.00000,1.00000,5
LayerNorm,1x768,LayerNorm-V1,0.00461475,0.00279314,0.00376686,0.00000,1.00000,0.36137,0.22225,5
LayerNorm,1x768,LayerNorm-V2,0.00386286,0.00253316,0.00276533,0.00000,1.19465,0.49225,0.22874,5
LayerNorm,1x768,LayerNorm-V3,0.00326862,0.00252690,0.00278887,0.00000,1.41184,0.48809,0.37303,5
LayerNorm,1x768,LayerNorm-V4,0.00405346,0.00360448,0.00368904,0.00000,1.13847,0.36899,0.28880,5
LayerNorm,1x768,Shape,0.00245155,0.00191443,0.00219958,0.00000,1.88238,0.61886,0.45676,5
LayerNorm,1x768,Dispatcher,0.00263493,0.00193143,0.00208000,0.00000,1.75138,0.65444,0.44705,5
LayerNorm,1x768,cuDNN,0.00148818,0.00123965,0.00136123,0.00000,3.10095,1.00000,1.00000,5
LayerNorm,16x768,LayerNorm-V1,0.00361761,0.00299815,0.00314991,0.00000,1.00000,0.57612,0.54230,5
LayerNorm,16x768,LayerNorm-V2,0.00344211,0.00271526,0.00289043,0.00000,1.05099,0.62784,0.31470,5
LayerNorm,16x768,LayerNorm-V3,0.00364629,0.00262480,0.00283200,0.00000,0.99213,0.64080,0.27305,5
LayerNorm,16x768,LayerNorm-V4,0.00556513,0.00391273,0.00411920,0.00000,0.65005,0.44056,0.16571,5
LayerNorm,16x768,Shape,0.00298680,0.00218629,0.00233728,0.00000,1.21120,0.77643,0.73449,5
LayerNorm,16x768,Dispatcher,0.00321339,0.00222104,0.00238609,0.00000,1.12579,0.76055,0.47786,5
LayerNorm,16x768,cuDNN,0.00230130,0.00158019,0.00181474,0.00000,1.57199,1.00000,1.00000,5
LayerNorm,128x768,LayerNorm-V1,0.00566260,0.00481664,0.00492313,0.00000,1.00000,0.63360,0.51965,5
LayerNorm,128x768,LayerNorm-V2,0.00429641,0.00400000,0.00413983,0.00000,1.31798,0.75348,0.69384,5
LayerNorm,128x768,LayerNorm-V3,0.00400945,0.00384229,0.00396160,0.00000,1.41231,0.78738,0.74421,5
LayerNorm,128x768,LayerNorm-V4,0.00685340,0.00653818,0.00675360,0.00000,0.82625,0.46187,0.41762,5
LayerNorm,128x768,Shape,0.00244178,0.00225813,0.00232970,0.00000,2.31905,1.33892,1.27421,5
LayerNorm,128x768,Dispatcher,0.00239085,0.00225876,0.00230731,0.00000,2.36845,1.35191,1.27155,5
LayerNorm,128x768,cuDNN,0.00359618,0.00291968,0.00311927,0.00000,1.57462,1.00000,1.00000,5
LayerNorm,128x3072,LayerNorm-V1,0.01260895,0.01165257,0.01234514,0.00000,1.00000,0.49694,0.42949,5
LayerNorm,128x3072,LayerNorm-V2,0.01070319,0.00982023,0.01038507,0.00000,1.17806,0.59074,0.52275,5
LayerNorm,128x3072,LayerNorm-V3,0.01054569,0.00983289,0.01034027,0.00000,1.19565,0.59330,0.52502,5
LayerNorm,128x3072,LayerNorm-V4,0.01021282,0.00953600,0.00992847,0.00000,1.23462,0.61791,0.54679,5
LayerNorm,128x3072,Shape,0.00651892,0.00557217,0.00584590,0.00000,1.93421,1.04943,0.92865,5
LayerNorm,128x3072,Dispatcher,0.00706960,0.00554057,0.00640914,0.00000,1.78355,0.95720,0.92999,5
LayerNorm,128x3072,cuDNN,0.00822128,0.00536480,0.00613486,0.00000,1.53370,1.00000,1.00000,5
Softmax,12x128,Softmax-V1,0.00287511,0.00170193,0.00245600,0.00000,1.00000,0.56521,0.48139,5
Softmax,12x128,Softmax-V2,0.00210304,0.00148748,0.00161086,0.00000,1.36712,0.86175,0.49601,5
Softmax,12x128,Softmax-V3,0.00214538,0.00124267,0.00146286,0.00000,1.34014,0.94894,0.43463,5
Softmax,12x128,Softmax-V4,0.00242971,0.00204431,0.00226092,0.00000,1.18332,0.61398,0.55684,5
Softmax,12x128,Shape,0.00155903,0.00112107,0.00126933,0.00000,1.84417,1.09361,1.03004,5
Softmax,12x128,Dispatcher,0.00191012,0.00103467,0.00125568,0.00000,1.50520,1.10550,0.82007,5
Softmax,12x128,cuDNN,0.00198650,0.00123200,0.00138816,0.00000,1.44732,1.00000,1.00000,5
Softmax,1536x128,Softmax-V1,0.02882967,0.02796444,0.02898600,0.00000,1.00000,0.08609,0.08526,5
Softmax,1536x128,Softmax-V2,0.02015727,0.01959733,0.02016873,0.00000,1.43024,0.12373,0.12273,5
Softmax,1536x128,Softmax-V3,0.01327585,0.01273829,0.01307886,0.00000,2.17159,0.19080,0.17937,5
Softmax,1536x128,Softmax-V4,0.02349663,0.02260654,0.02292320,0.00000,1.22697,0.10886,0.09719,5
Softmax,1536x128,Shape,0.00268772,0.00244800,0.00261067,0.00000,10.72643,0.95584,0.94847,5
Softmax,1536x128,Dispatcher,0.00279128,0.00242267,0.00258688,0.00000,10.32848,0.96463,0.82406,5
Softmax,1536x128,cuDNN,0.00266638,0.00240229,0.00249538,0.00000,10.81229,1.00000,1.00000,5
Softmax,3072x256,Softmax-V1,0.07191362,0.05884160,0.07545200,0.00000,1.00000,0.09150,0.08760,5
Softmax,3072x256,Softmax-V2,0.04973863,0.04229029,0.05051200,0.00000,1.44583,0.13667,0.13667,5
Softmax,3072x256,Softmax-V3,0.03145978,0.02813155,0.03162971,0.00000,2.28589,0.21826,0.21550,5
Softmax,3072x256,Softmax-V4,0.05182815,0.04711467,0.05134933,0.00000,1.38754,0.13444,0.13433,5
Softmax,3072x256,Shape,0.00700549,0.00667040,0.00675368,0.00000,10.26532,1.02219,0.99242,5
Softmax,3072x256,Dispatcher,0.00713854,0.00666442,0.00685810,0.00000,10.07400,1.00663,0.99428,5
Softmax,3072x256,cuDNN,0.00734693,0.00662552,0.00690358,0.00000,9.78826,1.00000,1.00000,5
Softmax,12288x1024,Softmax-V1,0.51557440,0.45395201,0.47563201,0.00000,1.00000,1.14351,1.09638,5
Softmax,12288x1024,Softmax-V2,0.50607836,0.45004800,0.47307199,0.00000,1.01876,1.14969,1.14929,5
Softmax,12288x1024,Softmax-V3,0.47283494,0.43417600,0.44244799,0.00000,1.09039,1.22927,1.22927,5
Softmax,12288x1024,Softmax-V4,0.39182359,0.37734401,0.39217600,0.00000,1.31583,1.38685,1.38117,5
Softmax,12288x1024,Shape,0.38097107,0.37388799,0.38054401,0.00000,1.35332,1.42924,1.42631,5
Softmax,12288x1024,Dispatcher,0.38090563,0.37462401,0.38075200,0.00000,1.35355,1.42846,1.42601,5
Softmax,12288x1024,cuDNN,0.60540599,0.53065598,0.54388797,0.00000,0.85162,1.00000,1.00000,5
